Test_id,Label
0xC6AF0499396EEA352AF7F3675BF6D38410B52C0DC6AE01BDCF21C8C95C50F750_B_202305,0
0xA372670035283A67A21D94D898DC5A255DB034CA413B3A7805F51D2ED6F4CF0F_B_202305,0
0xF998DCC6C6D8B6786552CD5AAC75CAFBFE0EBDF8C4FEF6A2376DEC1EC9CC90D8_B_202307,0
0x6AAEB8D4B2C1142AB4C1282DA2430697EB919590B13409AA24B35B172E0DDB4A_A_202301,0
0xF63480EE11C5B9CDF481941E4654C5C0F706F2A9DA46747BBAF501286B1E1E47_B_202303,0
0x2A862811BC15845ECE4281E6F76483FA02AE6B73057C4C827BE7B05B5768EC1F_A_202307,0
0xF02DAFDE8D795000CF6C44918E4CC7FBA91C7C57CF80B9E3F28EB3B87620DA64_B_202308,0
0xDBD4EC7D1B2303B9FF91A61981AB504C10733AFCD3ADC070E32D7D1854A748A3_B_202304,0
0xDFF236F959D1FF9710399CA54504269A2258B144218671632568F74AFE070B86_A_202301,0
0x0844ED886E9D16C368D0623490674F9B35E14FE4F9292BD8B9C2E144D71EE04B_A_202302,0
